time_ms,rms
32,0.25
65,0.35
99,0.48
133,0.62
165,0.78
199,0.93
233,0.96
266,1.01
300,1.2
332,1.25
366,1.33
400,1.27
433,1.29
466,1.38
500,1.4
533,1.49
567,1.49
601,1.48
633,1.54
667,1.55
701,1.52
734,1.5
768,1.54
801,1.58
834,1.58
868,1.64
902,1.65
934,1.61
968,1.6
1001,1.62
1035,1.71
1069,1.76
1101,1.69
1135,1.68
1169,1.66
1203,1.65
1235,1.66
1269,1.75
1303,1.69
1336,1.64
1370,1.7
1403,1.72
1437,1.76
1470,1.75
1504,1.79
1538,1.8
1570,1.77
1604,1.73
1638,1.65
1671,1.67
1704,1.72
1738,1.82
1772,1.9
1805,1.99
1839,1.98
1872,2.03
1905,1.92
1939,1.92
1973,1.98
2006,2.13
2039,2.1
2073,2.19
2106,2.15
2140,2.12
2173,2.16
2207,2.13
2240,2.23
2274,2.24
2308,2.24
2341,2.14
2374,2.04
2408,2.19
2442,2.18
2475,2.19
2508,2.31
2542,2.33
2575,2.28
2609,2.12
2642,2.11
2675,2.21
2709,2.16
2743,2.12
2777,2.03
2809,1.95
2843,1.92
2877,1.93
2910,1.94
2944,1.86
2977,1.88
3010,1.95
3044,2.01
3078,2.04
3111,2.09
3144,2.1
3178,2.07
3212,1.96
3245,1.93
3278,2.08
3312,2.04
3345,2.08
3379,2.0
3412,1.99
3445,2.13
3479,2.07
3513,1.99
3546,1.98
3579,1.91
3613,1.89
3647,1.84
3680,1.78
3714,1.8
3747,1.82
3780,1.82
3814,1.85
3848,1.92
3880,1.91
3914,1.84
3948,1.84
3981,1.79
4015,1.78
4048,1.77
4081,1.77
4115,1.76
4149,1.73
4183,1.76
4215,1.67
4249,1.65
4283,1.68
4316,1.7
4349,1.71
4383,1.66
4416,1.68
4450,1.77
4484,1.76
4517,1.8
4550,1.82
4584,1.82
4618,1.77
4651,1.76
4684,1.76
4718,1.7
4751,1.76
4785,1.74
4818,1.78
4852,1.8
4885,1.79
4919,1.78
4953,1.88
4985,1.87
5019,1.85
5053,1.76
5086,1.85
5120,1.95
5153,1.92
5187,1.86
5220,1.89
5254,1.91
5287,1.91
5320,1.86
5354,1.93
5388,1.98
5421,1.92
5454,2.06
5488,1.99
5522,1.97
5555,2.01
5588,2.05
5622,2.07
5655,2.15
5689,2.21
5723,2.18
5755,2.14
5789,2.14
5823,2.13
5857,2.11
5890,2.12
5923,2.15
5957,2.12
5990,2.2
6024,2.21
6057,2.18
6091,2.23
6124,2.28
6158,2.16
6192,2.09
6224,2.04
6258,2.01
6292,2.12
6325,2.01
6359,2.08
6392,2.07
6425,1.98
6459,1.96
6493,1.94
6526,1.88
6559,1.88
6593,1.82
6627,1.84
6660,1.84
6693,1.93
6727,1.98
6760,1.98
6794,1.92
6828,1.9
6860,1.92
6894,1.95
6928,1.93
6961,1.92
6994,2.0
7028,2.01
7062,1.97
7095,1.96
7129,2.03
7162,1.99
7195,1.98
7229,2.01
7263,1.98
7296,2.0
7329,1.95
7363,1.92
7397,1.82
7430,1.91
7463,1.93
7497,1.89
7530,1.91
7564,1.94
7598,1.86
7631,1.88
7664,1.87
7698,1.85
7732,1.82
7766,1.78
7798,1.79
7832,1.68
7866,1.7
7899,1.78
7932,1.74
7966,1.72
7999,1.85
8033,1.85
8067,1.9
8099,1.94
8133,1.94
8167,1.91
8200,1.91
8233,1.85
8267,1.83
8301,1.77
8334,1.75
8368,1.83
8401,1.89
8434,1.95
8468,2.01
8502,1.96
8535,1.95
8568,1.96
8602,2.04
8635,2.11
8669,1.99
8702,2.03
8735,2.06
8769,2.06
8803,2.02
8837,2.01
8869,2.13
8903,2.16
8937,2.29
8970,2.33
9004,2.31
9037,2.16
9070,2.16
9104,2.17
9138,2.16
9171,2.24
9204,2.15
9238,2.16
9272,2.2
9305,2.23
9338,2.27
9372,2.13
9405,2.11
9439,2.11
9473,2.11
9506,2.13
9539,2.13
9573,2.19
9607,2.06
9639,2.13
9673,2.1
9707,1.98
9740,1.97
9774,1.91
9807,1.92
9840,1.95
9874,1.96
9908,2.04
9942,1.98
9974,1.98
10008,1.88
10042,1.94
